{"ProjectBreakpoints":"{\"Value\":{\"Main.xaml\":[{\"ConditionalExpression\":null,\"ActionExpression\":null,\"ExpectedHitCounter\":null,\"ShouldContinueAfterAction\":false,\"IsEnabled\":false,\"ActivityId\":\"1.196\",\"ActivityName\":\"Invoke GetTransactionData workflow\"},{\"ConditionalExpression\":null,\"ActionExpression\":null,\"ExpectedHitCounter\":null,\"ShouldContinueAfterAction\":false,\"IsEnabled\":false,\"ActivityId\":\"1.153\",\"ActivityName\":\"Process the current TransactionItem\"}]}}","ProjectWatches":"{\"Value\":[]}","OpenedDocuments":"[\"Main.xaml\"]","LibraryProjectSettings":"{\"IncludeSourcesByDefault\":true,\"DefaultActivitiesRootCategories\":[null]}"}