[{"label":"Panel","collapsible":false,"mask":false,"tableView":false,"alwaysEnabled":false,"type":"panel","input":false,"key":"panel2","conditional":{"show":"","when":"","json":""},"components":[{"label":"HTML","tag":"h2","className":"","attrs":[{"attr":"","value":""}],"content":"Contact Information\n","refreshOnChange":true,"mask":false,"tableView":true,"alwaysEnabled":false,"type":"label","input":false,"key":"html","validate":{"customMessage":"","json":""},"conditional":{"show":"","when":"","json":""},"properties":{},"customConditional":"","logic":[],"reorder":false},{"label":"Columns","columns":[{"components":[{"label":"First Name ","allowMultipleMasks":false,"showWordCount":false,"showCharCount":false,"tableView":true,"alwaysEnabled":false,"type":"textfield","input":true,"key":"firstName","defaultValue":"","validate":{"customMessage":"","json":""},"conditional":{"show":"","when":"","json":""},"widget":{"type":""},"reorder":false,"inputFormat":"plain","encrypted":false,"properties":{},"customConditional":"","logic":[]}],"width":6,"offset":0,"push":0,"pull":0,"type":"column","hideOnChildrenHidden":false,"input":false,"key":"column1","tableView":true,"label":""},{"components":[{"label":"Last Name","allowMultipleMasks":false,"showWordCount":false,"showCharCount":false,"tableView":true,"alwaysEnabled":false,"type":"textfield","input":true,"key":"lastName","defaultValue":"","validate":{"customMessage":"","json":""},"conditional":{"show":"","when":"","json":""},"widget":{"type":""},"reorder":false,"inputFormat":"plain","encrypted":false,"properties":{},"customConditional":"","logic":[]}],"width":6,"offset":0,"push":0,"pull":0,"type":"column","hideOnChildrenHidden":false,"input":false,"key":"column2","tableView":true,"label":""}],"mask":false,"tableView":false,"alwaysEnabled":false,"type":"columns","input":false,"key":"columns2","conditional":{"show":"","when":"","json":""},"reorder":false,"properties":{},"customConditional":"","logic":[]},{"label":"Email","tableView":true,"alwaysEnabled":false,"type":"email","input":true,"key":"email2","defaultValue":"","validate":{"customMessage":"","json":""},"conditional":{"show":"","when":"","json":""},"reorder":false,"encrypted":false,"properties":{},"customConditional":"","logic":[]},{"label":"Phone Number","allowMultipleMasks":false,"showWordCount":false,"showCharCount":false,"tableView":true,"alwaysEnabled":false,"type":"phoneNumber","input":true,"key":"phoneNumber2","defaultValue":"","validate":{"customMessage":"","json":""},"conditional":{"show":"","when":"","json":""},"reorder":false,"inputFormat":"plain","encrypted":false,"properties":{},"customConditional":"","logic":[]},{"label":"Billing Address","allowMultipleMasks":false,"showWordCount":false,"showCharCount":false,"tableView":true,"alwaysEnabled":false,"type":"textfield","input":true,"key":"billingAddress","defaultValue":"","validate":{"customMessage":"","json":""},"conditional":{"show":"","when":"","json":""},"widget":{"type":""},"reorder":false,"inputFormat":"plain","encrypted":false,"properties":{},"customConditional":"","logic":[]},{"label":"Text Field","hideLabel":true,"allowMultipleMasks":false,"showWordCount":false,"showCharCount":false,"tableView":true,"alwaysEnabled":false,"type":"textfield","input":true,"key":"textField2","defaultValue":"","validate":{"customMessage":"","json":""},"conditional":{"show":"","when":"","json":""},"widget":{"type":""},"reorder":false,"inputFormat":"plain","encrypted":false,"properties":{},"customConditional":"","logic":[]},{"label":"Columns","columns":[{"components":[{"label":"City","allowMultipleMasks":false,"showWordCount":false,"showCharCount":false,"tableView":true,"alwaysEnabled":false,"type":"textfield","input":true,"key":"city","defaultValue":"","validate":{"customMessage":"","json":""},"conditional":{"show":"","when":"","json":""},"widget":{"type":""},"reorder":false,"inputFormat":"plain","encrypted":false,"properties":{},"customConditional":"","logic":[]}],"width":6,"offset":0,"push":0,"pull":0,"type":"column","hideOnChildrenHidden":false,"input":false,"key":"column5","tableView":true,"label":""},{"components":[{"label":"State","mask":false,"tableView":true,"alwaysEnabled":false,"type":"select","input":true,"key":"state","defaultValue":"","validate":{"select":false,"customMessage":"","json":""},"conditional":{"show":"","when":"","json":""},"data":{"values":[{"label":"Alabama","value":"alabama"},{"label":"Alaska","value":"alaska"},{"label":"Arizona","value":"arizona"},{"label":"Arkansas","value":"arkansas"},{"label":"California","value":"california"},{"label":"Colorado","value":"colorado"},{"label":"Connecticut","value":"connecticut"},{"label":"Delaware","value":"delaware"},{"label":"Florida","value":"florida"},{"label":"Georgia","value":"georgia"},{"label":"Hawaii","value":"hawaii"},{"label":"Idaho","value":"idaho"},{"label":"Illinois","value":"illinois"},{"label":"Indiana","value":"indiana"},{"label":"Iowa","value":"iowa"},{"label":"Kansas","value":"kansas"},{"label":"Kentucky","value":"kentucky"},{"label":"Louisiana","value":"louisiana"},{"label":"Maine","value":"maine"},{"label":"Maryland","value":"maryland"},{"label":"Massachusetts","value":"massachusetts"},{"label":"Michigan","value":"michigan"},{"label":"Minnesota","value":"minnesota"},{"label":"Mississippi","value":"mississippi"},{"label":"Missouri","value":"missouri"},{"label":"Montana","value":"montana"},{"label":"Nebraska","value":"nebraska"},{"label":"Nevada","value":"nevada"},{"label":"New Hampshire","value":"newHampshire"},{"label":"New Jersey","value":"newJersey"},{"label":"New Mexico","value":"newMexico"},{"label":"New York","value":"newYork"},{"label":"North Carolina","value":"northCarolina"},{"label":"North Dakota","value":"northDakota"},{"label":"Ohio","value":"ohio"},{"label":"Oklahoma","value":"oklahoma"},{"label":"Oregon","value":"oregon"},{"label":"Pennsylvania","value":"pennsylvania"},{"label":"Rhode Island","value":"rhodeIsland"},{"label":"South Carolina","value":"southCarolina"},{"label":"South Dakota","value":"southDakota"},{"label":"Tennessee","value":"tennessee"},{"label":"Texas","value":"texas"},{"label":"Utah","value":"utah"},{"label":"Vermont","value":"vermont"},{"label":"Virginia","value":"virginia"},{"label":"Washington","value":"washington"},{"label":"West Virginia","value":"westVirginia"},{"label":"Wisconsin","value":"wisconsin"},{"label":"Wyoming","value":"wyoming"}]},"valueProperty":"value","selectThreshold":0.3,"encrypted":false,"properties":{},"customConditional":"","logic":[],"reorder":false,"lazyLoad":false,"selectValues":"","disableLimit":false,"sort":"","reference":false}],"width":3,"offset":0,"push":0,"pull":0,"type":"column","hideOnChildrenHidden":false,"input":false,"key":"column6","tableView":true,"label":""},{"width":3,"offset":0,"push":0,"pull":0,"type":"column","hideOnChildrenHidden":false,"input":false,"key":"column7","tableView":true,"label":"","components":[{"label":"Zip Code","placeholder":"#####","mask":false,"tableView":true,"alwaysEnabled":false,"type":"number","input":true,"key":"number2","validate":{"customMessage":"","json":""},"conditional":{"show":"","when":"","json":""},"delimiter":false,"requireDecimal":false,"encrypted":false,"properties":{},"customConditional":"","logic":[],"reorder":false}]}],"mask":false,"tableView":false,"alwaysEnabled":false,"type":"columns","input":false,"key":"columns3","conditional":{"show":"","when":"","json":""},"properties":{},"customConditional":"","logic":[],"reorder":false},{"label":"Comments","isUploadEnabled":false,"showWordCount":false,"showCharCount":false,"tableView":true,"alwaysEnabled":false,"type":"textarea","input":true,"key":"comments","defaultValue":"","validate":{"customMessage":"","json":""},"conditional":{"show":"","when":"","json":""},"wysiwyg":"","uploadUrl":"","uploadOptions":"","uploadDir":"","reorder":false,"inputFormat":"plain","encrypted":false,"properties":{},"customConditional":"","logic":[]}],"collapsed":false,"reorder":false,"properties":{},"customConditional":"","logic":[]},{"label":"Submit","state":"","theme":"primary","shortcut":"","disableOnInvalid":true,"mask":false,"tableView":true,"alwaysEnabled":true,"type":"button","key":"submit","input":true,"defaultValue":false,"validate":{"customMessage":"","json":""},"conditional":{"show":"","when":"","json":""},"showValidations":false,"event":"","url":"","custom":"","reorder":false,"properties":{},"customConditional":"","logic":[]}]