[{"label":"Panel","collapsible":false,"mask":false,"tableView":false,"alwaysEnabled":false,"type":"panel","input":false,"key":"panel2","conditional":{"show":"","when":"","json":""},"components":[{"label":"HTML","tag":"h2","className":"","attrs":[{"attr":"","value":""}],"content":"Credit Card Order Form","refreshOnChange":true,"mask":false,"tableView":true,"alwaysEnabled":false,"type":"label","input":false,"key":"html","validate":{"customMessage":"","json":""},"conditional":{"show":"","when":"","json":""},"reorder":false,"properties":{},"customConditional":"","logic":[]},{"label":"Columns","columns":[{"components":[{"label":"First Name","showWordCount":false,"showCharCount":false,"tableView":true,"alwaysEnabled":false,"type":"textfield","input":true,"key":"firstName","defaultValue":"","validate":{"customMessage":"","json":""},"conditional":{"show":"","when":"","json":""},"widget":{"type":""},"reorder":false,"inputFormat":"plain","encrypted":false,"properties":{},"customConditional":"","logic":[]}],"width":5,"offset":0,"push":0,"pull":0,"type":"column","hideOnChildrenHidden":false,"input":false,"key":"column1","tableView":true,"label":""},{"components":[{"label":"Initial","showWordCount":false,"showCharCount":false,"tableView":true,"alwaysEnabled":false,"type":"textfield","input":true,"key":"initial","defaultValue":"","validate":{"customMessage":"","json":""},"conditional":{"show":"","when":"","json":""},"widget":{"type":""},"reorder":false,"inputFormat":"plain","encrypted":false,"properties":{},"customConditional":"","logic":[]}],"width":2,"offset":0,"push":0,"pull":0,"type":"column","hideOnChildrenHidden":false,"input":false,"key":"column2","tableView":true,"label":""},{"width":5,"offset":0,"push":0,"pull":0,"type":"column","hideOnChildrenHidden":false,"input":false,"key":"column3","tableView":true,"label":"","components":[{"label":"Last Name","showWordCount":false,"showCharCount":false,"tableView":true,"alwaysEnabled":false,"type":"textfield","input":true,"key":"lastName","defaultValue":"","validate":{"customMessage":"","json":""},"conditional":{"show":"","when":"","json":""},"widget":{"type":""},"reorder":false,"inputFormat":"plain","encrypted":false,"properties":{},"customConditional":"","logic":[]}]}],"mask":false,"tableView":false,"alwaysEnabled":false,"type":"columns","input":false,"key":"columns2","conditional":{"show":"","when":"","json":""},"reorder":false,"properties":{},"customConditional":"","logic":[]},{"label":"Cardholder Email","tableView":true,"alwaysEnabled":false,"type":"email","input":true,"key":"cardholderEmail","defaultValue":"","validate":{"customMessage":"","json":""},"conditional":{"show":"","when":"","json":""},"reorder":false,"encrypted":false,"properties":{},"customConditional":"","logic":[]},{"label":"Cardholder Phone Number","showWordCount":false,"showCharCount":false,"tableView":true,"alwaysEnabled":false,"type":"phoneNumber","input":true,"key":"cardholderPhoneNumber","defaultValue":"","validate":{"customMessage":"","json":""},"conditional":{"show":"","when":"","json":""},"reorder":false,"inputFormat":"plain","encrypted":false,"properties":{},"customConditional":"","logic":[]},{"label":"Billing Address","showWordCount":false,"showCharCount":false,"tableView":true,"alwaysEnabled":false,"type":"textfield","input":true,"key":"billingAddress","defaultValue":"","validate":{"customMessage":"","json":""},"conditional":{"show":"","when":"","json":""},"widget":{"type":""},"reorder":false,"inputFormat":"plain","encrypted":false,"properties":{},"customConditional":"","logic":[]},{"label":"a","hideLabel":true,"showWordCount":false,"showCharCount":false,"tableView":true,"alwaysEnabled":false,"type":"textfield","input":true,"key":"a","defaultValue":"","validate":{"customMessage":"","json":""},"conditional":{"show":"","when":"","json":""},"inputFormat":"plain","encrypted":false,"properties":{},"customConditional":"","logic":[],"widget":{"type":""},"reorder":false},{"label":"Columns","columns":[{"components":[{"label":"City","labelPosition":"bottom","showWordCount":false,"showCharCount":false,"tableView":true,"alwaysEnabled":false,"type":"textfield","input":true,"key":"city","defaultValue":"","validate":{"customMessage":"","json":""},"conditional":{"show":"","when":"","json":""},"inputFormat":"plain","encrypted":false,"properties":{},"customConditional":"","logic":[],"widget":{"type":""},"reorder":false}],"width":4,"offset":0,"push":0,"pull":0,"type":"column","hideOnChildrenHidden":false,"input":false,"key":"column6","tableView":true,"label":""},{"components":[{"label":"State","labelPosition":"bottom","mask":false,"tableView":true,"alwaysEnabled":false,"type":"select","input":true,"key":"state","defaultValue":"","validate":{"select":false,"customMessage":"","json":""},"conditional":{"show":"","when":"","json":""},"data":{"values":[{"label":"Alabama","value":"alabama"},{"label":"Alaska","value":"alaska"},{"label":"Arizona","value":"arizona"},{"label":"Arkansas","value":"arkansas"},{"label":"California","value":"california"},{"label":"Colorado","value":"colorado"},{"label":"Connecticut","value":"connecticut"},{"label":"Delaware","value":"delaware"},{"label":"Florida","value":"florida"},{"label":"Georgia","value":"georgia"},{"label":"Hawaii","value":"hawaii"},{"label":"Idaho","value":"idaho"},{"label":"Illinois","value":"illinois"},{"label":"Indiana","value":"indiana"},{"label":"Iowa","value":"iowa"},{"label":"Kansas","value":"kansas"},{"label":"Kentucky","value":"kentucky"},{"label":"Louisiana","value":"louisiana"},{"label":"Maine","value":"maine"},{"label":"Maryland","value":"maryland"},{"label":"Massachusetts","value":"massachusetts"},{"label":"Michigan","value":"michigan"},{"label":"Minnesota","value":"minnesota"},{"label":"Mississippi","value":"mississippi"},{"label":"Missouri","value":"missouri"},{"label":"Montana","value":"montana"},{"label":"Nebraska","value":"nebraska"},{"label":"Nevada","value":"nevada"},{"label":"New Hampshire","value":"newHampshire"},{"label":"New Jersey","value":"newJersey"},{"label":"New Mexico","value":"newMexico"},{"label":"New York","value":"newYork"},{"label":"North Carolina","value":"northCarolina"},{"label":"North Dakota","value":"northDakota"},{"label":"Ohio","value":"ohio"},{"label":"Oklahoma","value":"oklahoma"},{"label":"Oregon","value":"oregon"},{"label":"Pennsylvania","value":"pennsylvania"},{"label":"Rhode Island","value":"rhodeIsland"},{"label":"South Carolina","value":"southCarolina"},{"label":"South Dakota","value":"southDakota"},{"label":"Tennessee","value":"tennessee"},{"label":"Texas","value":"texas"},{"label":"Utah","value":"utah"},{"label":"Vermont","value":"vermont"},{"label":"Virginia","value":"virginia"},{"label":"Washington","value":"washington"},{"label":"West Virginia","value":"westVirginia"},{"label":"Wisconsin","value":"wisconsin"},{"label":"Wyoming","value":"wyoming"}]},"valueProperty":"value","selectThreshold":0.3,"encrypted":false,"properties":{},"customConditional":"","logic":[],"reorder":false,"lazyLoad":false,"selectValues":"","disableLimit":false,"sort":"","reference":false}],"width":4,"offset":0,"push":0,"pull":0,"type":"column","hideOnChildrenHidden":false,"input":false,"key":"column7","tableView":true,"label":""},{"width":4,"offset":0,"push":0,"pull":0,"type":"column","hideOnChildrenHidden":false,"input":false,"key":"column1","tableView":true,"label":"","components":[{"label":"Zip Code","labelPosition":"bottom","placeholder":"#####","mask":false,"tableView":true,"alwaysEnabled":false,"type":"number","input":true,"key":"number2","validate":{"customMessage":"","json":""},"conditional":{"show":"","when":"","json":""},"properties":{},"customConditional":"","logic":[],"delimiter":false,"requireDecimal":false,"encrypted":false,"reorder":false}]}],"mask":false,"tableView":false,"alwaysEnabled":false,"type":"columns","input":false,"key":"columns3","conditional":{"show":"","when":"","json":""},"reorder":false,"properties":{},"customConditional":"","logic":[]},{"label":"Credit Card","columns":[{"components":[{"label":"Credit Card","showWordCount":false,"showCharCount":false,"tableView":true,"alwaysEnabled":false,"type":"textfield","input":true,"key":"creditCard","defaultValue":"","validate":{"customMessage":"","json":""},"conditional":{"show":"","when":"","json":""},"widget":{"type":""},"reorder":false,"inputFormat":"plain","encrypted":false,"properties":{},"customConditional":"","logic":[]}],"width":5,"offset":0,"push":0,"pull":0,"type":"column","hideOnChildrenHidden":false,"input":false,"key":"column4","tableView":true,"label":""},{"components":[{"label":"Day","hideLabel":true,"hideInputLabels":false,"inputsLabelPosition":"top","fields":{"day":{"hide":true,"type":"number"},"month":{"placeholder":"MM","hide":false,"type":"select"},"year":{"placeholder":"YY","hide":false,"type":"number"}},"useLocaleSettings":false,"mask":false,"tableView":true,"alwaysEnabled":false,"type":"day","input":true,"key":"day2","validate":{"customMessage":"","json":""},"conditional":{"show":"","when":"","json":""},"encrypted":false,"maxDate":"","minDate":"","properties":{},"customConditional":"","logic":[],"reorder":false}],"width":5,"offset":0,"push":0,"pull":0,"type":"column","hideOnChildrenHidden":false,"input":false,"key":"column5","tableView":true,"label":""},{"width":2,"offset":0,"push":0,"pull":0,"type":"column","hideOnChildrenHidden":false,"input":false,"key":"column1","tableView":true,"label":"","components":[{"label":"CVC","mask":false,"tableView":true,"alwaysEnabled":false,"type":"number","input":true,"key":"cvc","validate":{"customMessage":"","json":""},"conditional":{"show":"","when":"","json":""},"reorder":false,"delimiter":false,"requireDecimal":false,"encrypted":false,"properties":{},"customConditional":"","logic":[]}]}],"mask":false,"tableView":false,"alwaysEnabled":false,"type":"columns","input":false,"key":"columns4","conditional":{"show":"","when":"","json":""},"properties":{},"customConditional":"","logic":[],"reorder":false},{"label":"Payment Amount","mask":false,"tableView":true,"alwaysEnabled":false,"type":"currency","input":true,"key":"paymentAmount","validate":{"customMessage":"","json":""},"conditional":{"show":"","when":"","json":""},"delimiter":true,"reorder":false,"currency":"USD","encrypted":false,"properties":{},"customConditional":"","logic":[]}],"collapsed":false,"reorder":false,"properties":{},"customConditional":"","logic":[]},{"label":"Submit Payment","state":"","theme":"primary","shortcut":"","mask":false,"tableView":true,"alwaysEnabled":true,"type":"button","input":true,"key":"submitPayment","defaultValue":false,"validate":{"customMessage":"","json":""},"conditional":{"show":"","when":"","json":""},"encrypted":false,"properties":{},"customConditional":"","logic":[],"showValidations":false,"event":"","url":"","custom":"","reorder":false}]