[{"label":"Panel","collapsible":false,"mask":false,"tableView":false,"alwaysEnabled":false,"type":"panel","input":false,"key":"panel2","conditional":{"show":"","when":"","json":""},"components":[{"label":"HTML","tag":"h2","className":"","attrs":[{"attr":"","value":""}],"content":"CRM Support Ticket","refreshOnChange":true,"mask":false,"tableView":true,"alwaysEnabled":false,"type":"label","input":false,"key":"html","validate":{"customMessage":"","json":""},"conditional":{"show":"","when":"","json":""},"reorder":false,"properties":{},"customConditional":"","logic":[]},{"label":"Last Name","columns":[{"components":[{"label":"First Name","allowMultipleMasks":false,"showWordCount":false,"showCharCount":false,"tableView":true,"alwaysEnabled":false,"type":"textfield","input":true,"key":"textField2","defaultValue":"","validate":{"customMessage":"","json":""},"conditional":{"show":"","when":"","json":""},"inputFormat":"plain","encrypted":false,"properties":{},"customConditional":"","logic":[],"widget":{"type":""},"reorder":false}],"width":6,"offset":0,"push":0,"pull":0,"type":"column","hideOnChildrenHidden":false,"input":false,"key":"column1","tableView":true,"label":""},{"components":[{"label":"Last Name","allowMultipleMasks":false,"showWordCount":false,"showCharCount":false,"tableView":true,"alwaysEnabled":false,"type":"textfield","input":true,"key":"textField3","defaultValue":"","validate":{"customMessage":"","json":""},"conditional":{"show":"","when":"","json":""},"inputFormat":"plain","encrypted":false,"properties":{},"customConditional":"","logic":[],"widget":{"type":""},"reorder":false}],"width":6,"offset":0,"push":0,"pull":0,"type":"column","hideOnChildrenHidden":false,"input":false,"key":"column2","tableView":true,"label":""}],"mask":false,"tableView":false,"alwaysEnabled":false,"type":"columns","input":false,"key":"columns2","conditional":{"show":"","when":"","json":""},"properties":{},"customConditional":"","logic":[],"reorder":false},{"label":"Ticket Type","optionsLabelPosition":"right","values":[{"label":"Feature Request","value":"featureRequest","shortcut":""},{"label":"Comment","value":"comment","shortcut":""},{"label":"Bug","value":"bug","shortcut":""}],"inline":false,"mask":false,"tableView":true,"alwaysEnabled":false,"type":"radio","input":true,"key":"radio2","defaultValue":"","validate":{"customMessage":"","json":""},"conditional":{"show":"","when":"","json":""},"encrypted":false,"properties":{},"customConditional":"","logic":[],"reorder":false},{"label":"Priority","optionsLabelPosition":"right","values":[{"label":"Urgent","value":"urgent","shortcut":""},{"label":"Good to Do","value":"goodToDo","shortcut":""},{"label":"Low Importance","value":"lowImportance","shortcut":""}],"inline":false,"mask":false,"tableView":true,"alwaysEnabled":false,"type":"radio","input":true,"key":"priority","defaultValue":"","validate":{"customMessage":"","json":""},"conditional":{"show":"","when":"","json":""},"reorder":false,"encrypted":false,"properties":{},"customConditional":"","logic":[]},{"label":"Browser","mask":false,"tableView":true,"alwaysEnabled":false,"type":"select","input":true,"key":"browser","defaultValue":"","validate":{"customMessage":"","json":"","select":false},"conditional":{"show":"","when":"","json":""},"data":{"values":[{"label":"Chrome","value":"chrome"},{"label":"Firefox","value":"firefox"},{"label":"IE","value":"ie"},{"label":"Safari","value":"safari"},{"label":"Opera","value":"opera"},{"label":"Other","value":"other"}]},"valueProperty":"value","selectThreshold":0.3,"encrypted":false,"properties":{},"customConditional":"","logic":[],"reorder":false,"lazyLoad":false,"selectValues":"","disableLimit":false,"sort":"","reference":false},{"label":"Browser Version","allowMultipleMasks":false,"showWordCount":false,"showCharCount":false,"tableView":true,"alwaysEnabled":false,"type":"textfield","input":true,"key":"browserVersion","defaultValue":"","validate":{"customMessage":"","json":""},"conditional":{"show":"","when":"","json":""},"widget":{"type":""},"reorder":false,"inputFormat":"plain","encrypted":false,"properties":{},"customConditional":"","logic":[]},{"label":"Operating System","mask":false,"tableView":true,"alwaysEnabled":false,"type":"select","input":true,"key":"operatingSystem","defaultValue":"","validate":{"select":false,"customMessage":"","json":""},"conditional":{"show":"","when":"","json":""},"data":{"values":[{"label":"Windows","value":"windows"},{"label":"Mac OS X","value":"macOsX"},{"label":"Linux","value":"linux"}]},"valueProperty":"value","selectThreshold":0.3,"encrypted":false,"reorder":false,"lazyLoad":false,"selectValues":"","disableLimit":false,"sort":"","reference":false,"properties":{},"customConditional":"","logic":[]},{"label":"OS Version","allowMultipleMasks":false,"showWordCount":false,"showCharCount":false,"tableView":true,"alwaysEnabled":false,"type":"textfield","input":true,"key":"osVersion","defaultValue":"","validate":{"customMessage":"","json":""},"conditional":{"show":"","when":"","json":""},"widget":{"type":""},"reorder":false,"inputFormat":"plain","encrypted":false,"properties":{},"customConditional":"","logic":[]},{"label":"Additional Details","isUploadEnabled":false,"showWordCount":false,"showCharCount":false,"tableView":true,"alwaysEnabled":false,"type":"textarea","input":true,"key":"additionalDetails","defaultValue":"","validate":{"customMessage":"","json":""},"conditional":{"show":"","when":"","json":""},"inputFormat":"plain","encrypted":false,"properties":{},"customConditional":"","logic":[],"wysiwyg":"","uploadUrl":"","uploadOptions":"","uploadDir":"","reorder":false}],"collapsed":false,"reorder":false,"properties":{},"customConditional":"","logic":[]},{"label":"Submit","state":"","theme":"primary","shortcut":"","mask":false,"tableView":true,"alwaysEnabled":true,"type":"button","input":true,"key":"submit2","defaultValue":false,"validate":{"customMessage":"","json":""},"conditional":{"show":"","when":"","json":""},"encrypted":false,"properties":{},"customConditional":"","logic":[],"showValidations":false,"event":"","url":"","custom":"","reorder":false}]