[{"label":"HTML","tag":"h2","className":"","attrs":[{"attr":"","value":""}],"content":"Feedback Form","refreshOnChange":true,"mask":false,"tableView":true,"alwaysEnabled":false,"type":"label","input":false,"key":"html","validate":{"customMessage":"","json":""},"conditional":{"show":"","when":"","json":""},"reorder":false,"properties":{},"customConditional":"","logic":[]},{"label":"Panel","collapsible":false,"mask":false,"tableView":false,"alwaysEnabled":false,"type":"panel","input":false,"key":"panel2","conditional":{"show":"","when":"","json":""},"components":[{"label":"Feedback Type","optionsLabelPosition":"right","values":[{"label":"Comments","value":"comments","shortcut":""},{"label":"Bug Reports","value":"bugReports","shortcut":""},{"label":"Questions","value":"questions","shortcut":""}],"inline":false,"mask":false,"tableView":true,"alwaysEnabled":false,"type":"radio","input":true,"key":"feedbackType","defaultValue":"","validate":{"customMessage":"","json":""},"conditional":{"show":"","when":"","json":""},"encrypted":false,"properties":{},"customConditional":"","logic":[],"reorder":false},{"label":"Describe Feedback:","isUploadEnabled":false,"showWordCount":false,"showCharCount":false,"tableView":true,"alwaysEnabled":false,"type":"textarea","input":true,"key":"describeFeedback","defaultValue":"","validate":{"required":true,"customMessage":"","json":""},"conditional":{"show":"","when":"","json":""},"inputFormat":"plain","encrypted":false,"wysiwyg":"","uploadUrl":"","uploadOptions":"","uploadDir":"","reorder":false,"properties":{},"customConditional":"","logic":[]},{"label":"Name","columns":[{"components":[{"label":"First Name","showWordCount":false,"showCharCount":false,"tableView":true,"alwaysEnabled":false,"type":"textfield","input":true,"key":"textField2","defaultValue":"","validate":{"customMessage":"","json":""},"conditional":{"show":"","when":"","json":""},"inputFormat":"plain","encrypted":false,"properties":{},"customConditional":"","logic":[],"widget":{"type":""},"reorder":false}],"width":6,"offset":0,"push":0,"pull":0,"type":"column","hideOnChildrenHidden":false,"input":false,"key":"column3","tableView":true,"label":""},{"components":[{"label":"Last Name","showWordCount":false,"showCharCount":false,"tableView":true,"alwaysEnabled":false,"type":"textfield","input":true,"key":"textField3","defaultValue":"","validate":{"customMessage":"","json":""},"conditional":{"show":"","when":"","json":""},"inputFormat":"plain","encrypted":false,"properties":{},"customConditional":"","logic":[],"widget":{"type":""},"reorder":false}],"width":6,"offset":0,"push":0,"pull":0,"type":"column","hideOnChildrenHidden":false,"input":false,"key":"column4","tableView":true,"label":""}],"mask":false,"tableView":false,"alwaysEnabled":false,"type":"columns","input":false,"key":"columns2","conditional":{"show":"","when":"","json":""},"properties":{},"customConditional":"","logic":[],"reorder":false},{"label":"Email","placeholder":"ex: myname@example.com","tableView":true,"alwaysEnabled":false,"type":"email","input":true,"key":"email2","defaultValue":"","validate":{"customMessage":"","json":""},"conditional":{"show":"","when":"","json":""},"properties":{},"customConditional":"","logic":[],"encrypted":false,"reorder":false}],"collapsed":false,"reorder":false,"properties":{},"customConditional":"","logic":[]},{"label":"Submit Feedback ","state":"","theme":"primary","shortcut":"","disableOnInvalid":true,"mask":false,"tableView":true,"alwaysEnabled":true,"type":"button","key":"submit","input":true,"defaultValue":false,"validate":{"customMessage":"","json":""},"conditional":{"show":"","when":"","json":""},"encrypted":false,"properties":{},"customConditional":"","logic":[],"showValidations":false,"event":"","url":"","custom":"","reorder":false}]