[{"label":"Panel","collapsible":false,"mask":false,"tableView":false,"alwaysEnabled":false,"type":"panel","input":false,"key":"panel2","conditional":{"show":"","when":"","json":""},"components":[{"label":"HTML","tag":"h2","className":"","attrs":[{"attr":"","value":""}],"content":"IT Service Ticket","refreshOnChange":true,"mask":false,"tableView":true,"alwaysEnabled":false,"type":"label","input":false,"key":"html","validate":{"customMessage":"","json":""},"conditional":{"show":"","when":"","json":""},"reorder":false,"properties":{},"customConditional":"","logic":[]},{"label":"Columns","columns":[{"components":[{"label":"First Name","allowMultipleMasks":false,"showWordCount":false,"showCharCount":false,"tableView":true,"alwaysEnabled":false,"type":"textfield","input":true,"key":"textField2","defaultValue":"","validate":{"customMessage":"","json":""},"conditional":{"show":"","when":"","json":""},"inputFormat":"plain","encrypted":false,"properties":{},"customConditional":"","logic":[],"widget":{"type":""},"reorder":false}],"width":6,"offset":0,"push":0,"pull":0,"type":"column","hideOnChildrenHidden":false,"input":false,"key":"column1","tableView":true,"label":""},{"components":[{"label":"Last Name","allowMultipleMasks":false,"showWordCount":false,"showCharCount":false,"tableView":true,"alwaysEnabled":false,"type":"textfield","input":true,"key":"textField3","defaultValue":"","validate":{"customMessage":"","json":""},"conditional":{"show":"","when":"","json":""},"inputFormat":"plain","encrypted":false,"properties":{},"customConditional":"","logic":[],"widget":{"type":""},"reorder":false}],"width":6,"offset":0,"push":0,"pull":0,"type":"column","hideOnChildrenHidden":false,"input":false,"key":"column2","tableView":true,"label":""}],"mask":false,"tableView":false,"alwaysEnabled":false,"type":"columns","input":false,"key":"columns2","conditional":{"show":"","when":"","json":""},"properties":{},"customConditional":"","logic":[],"reorder":false},{"label":"Email","placeholder":"ex: myname@example.com","tableView":true,"alwaysEnabled":false,"type":"email","input":true,"key":"email2","defaultValue":"","validate":{"customMessage":"","json":""},"conditional":{"show":"","when":"","json":""},"encrypted":false,"properties":{},"customConditional":"","logic":[],"reorder":false},{"label":"Department","allowMultipleMasks":false,"showWordCount":false,"showCharCount":false,"tableView":true,"alwaysEnabled":false,"type":"textfield","input":true,"key":"department","defaultValue":"","validate":{"customMessage":"","json":""},"conditional":{"show":"","when":"","json":""},"inputFormat":"plain","encrypted":false,"properties":{},"customConditional":"","logic":[],"widget":{"type":""},"reorder":false},{"label":"Computer ID","allowMultipleMasks":false,"showWordCount":false,"showCharCount":false,"tableView":true,"alwaysEnabled":false,"type":"textfield","input":true,"key":"computerId","defaultValue":"","validate":{"customMessage":"","json":""},"conditional":{"show":"","when":"","json":""},"widget":{"type":""},"reorder":false,"inputFormat":"plain","encrypted":false,"properties":{},"customConditional":"","logic":[]},{"label":"Describe the Problem","isUploadEnabled":false,"showWordCount":false,"showCharCount":false,"tableView":true,"alwaysEnabled":false,"type":"textarea","input":true,"key":"describeTheProblem","defaultValue":"","validate":{"customMessage":"","json":""},"conditional":{"show":"","when":"","json":""},"wysiwyg":"","uploadUrl":"","uploadOptions":"","uploadDir":"","reorder":false,"inputFormat":"plain","encrypted":false,"properties":{},"customConditional":"","logic":[]}],"collapsed":false,"reorder":false,"properties":{},"customConditional":"","logic":[]},{"label":"Submit","state":"","theme":"primary","shortcut":"","disableOnInvalid":true,"mask":false,"tableView":true,"alwaysEnabled":true,"type":"button","key":"submit","input":true,"defaultValue":false,"validate":{"customMessage":"","json":""},"conditional":{"show":"","when":"","json":""},"encrypted":false,"properties":{},"customConditional":"","logic":[],"showValidations":false,"event":"","url":"","custom":"","reorder":false}]