[{"label":"Panel","collapsible":false,"mask":false,"tableView":false,"alwaysEnabled":false,"type":"panel","input":false,"key":"panel2","conditional":{"show":"","when":"","json":""},"components":[{"label":"HTML","tag":"h2","className":"","attrs":[{"attr":"","value":""}],"content":"Supplier Invoice Submission Form","refreshOnChange":true,"mask":false,"tableView":true,"alwaysEnabled":false,"type":"label","input":false,"key":"html","validate":{"customMessage":"","json":""},"conditional":{"show":"","when":"","json":""},"properties":{},"customConditional":"","logic":[],"reorder":false},{"label":"Supplier","labelPosition":"left-left","showWordCount":false,"showCharCount":false,"tableView":true,"alwaysEnabled":false,"type":"textfield","allowMultipleMasks":false,"input":true,"key":"textField2","defaultValue":"","validate":{"customMessage":"","json":""},"conditional":{"show":"","when":"","json":""},"inputFormat":"plain","encrypted":false,"properties":{},"customConditional":"","logic":[],"widget":{"type":""},"reorder":false},{"label":"Supplier Email","labelPosition":"left-left","tableView":true,"alwaysEnabled":false,"type":"email","input":true,"key":"email2","defaultValue":"","validate":{"customMessage":"","json":""},"conditional":{"show":"","when":"","json":""},"encrypted":false,"properties":{},"customConditional":"","logic":[],"reorder":false},{"label":"Invoice No.","labelPosition":"left-left","showWordCount":false,"showCharCount":false,"tableView":true,"alwaysEnabled":false,"type":"textfield","allowMultipleMasks":false,"input":true,"key":"textField3","defaultValue":"","validate":{"customMessage":"","json":""},"conditional":{"show":"","when":"","json":""},"inputFormat":"plain","encrypted":false,"properties":{},"customConditional":"","logic":[],"widget":{"type":""},"reorder":false},{"label":"Invoice Date","hideInputLabels":false,"labelPosition":"left-left","inputsLabelPosition":"top","fields":{"day":{"hide":false,"type":"number"},"month":{"hide":false,"type":"select"},"year":{"hide":false,"type":"number"}},"useLocaleSettings":false,"mask":false,"tableView":true,"alwaysEnabled":false,"type":"day","input":true,"key":"day2","validate":{"customMessage":"","json":""},"conditional":{"show":"","when":"","json":""},"encrypted":false,"maxDate":"","minDate":"","properties":{},"customConditional":"","logic":[],"reorder":false},{"label":"Invoice Payment Due","labelPosition":"left-left","showWordCount":false,"showCharCount":false,"tableView":true,"alwaysEnabled":false,"type":"textfield","allowMultipleMasks":false,"input":true,"key":"textField4","defaultValue":"","validate":{"customMessage":"","json":""},"conditional":{"show":"","when":"","json":""},"inputFormat":"plain","encrypted":false,"properties":{},"customConditional":"","logic":[],"widget":{"type":""},"reorder":false},{"label":"Invoice Amount (Ex VAT)","labelPosition":"left-left","showWordCount":false,"showCharCount":false,"tableView":true,"alwaysEnabled":false,"type":"textfield","allowMultipleMasks":false,"input":true,"key":"textField5","defaultValue":"","validate":{"customMessage":"","json":""},"conditional":{"show":"","when":"","json":""},"inputFormat":"plain","encrypted":false,"properties":{},"customConditional":"","logic":[],"widget":{"type":""},"reorder":false},{"label":"Invoice Amount (Inc VAT)","labelPosition":"left-left","showWordCount":false,"showCharCount":false,"tableView":true,"alwaysEnabled":false,"type":"textfield","allowMultipleMasks":false,"input":true,"key":"textField6","defaultValue":"","validate":{"customMessage":"","json":""},"conditional":{"show":"","when":"","json":""},"inputFormat":"plain","encrypted":false,"properties":{},"customConditional":"","logic":[],"widget":{"type":""},"reorder":false},{"label":"BACS","labelPosition":"left-left","showWordCount":false,"showCharCount":false,"tableView":true,"alwaysEnabled":false,"type":"textfield","allowMultipleMasks":false,"input":true,"key":"textField7","defaultValue":"","validate":{"customMessage":"","json":""},"conditional":{"show":"","when":"","json":""},"inputFormat":"plain","encrypted":false,"properties":{},"customConditional":"","logic":[],"widget":{"type":""},"reorder":false},{"label":"Payment Reference","labelPosition":"left-left","showWordCount":false,"showCharCount":false,"tableView":true,"alwaysEnabled":false,"type":"textfield","allowMultipleMasks":false,"input":true,"key":"textField8","defaultValue":"","validate":{"customMessage":"","json":""},"conditional":{"show":"","when":"","json":""},"inputFormat":"plain","encrypted":false,"properties":{},"customConditional":"","logic":[],"widget":{"type":""},"reorder":false},{"label":"Any other comments","labelPosition":"left-left","isUploadEnabled":false,"showWordCount":false,"showCharCount":false,"tableView":true,"alwaysEnabled":false,"type":"textarea","input":true,"key":"textArea2","defaultValue":"","validate":{"customMessage":"","json":""},"conditional":{"show":"","when":"","json":""},"inputFormat":"plain","encrypted":false,"properties":{},"customConditional":"","logic":[],"wysiwyg":"","uploadUrl":"","uploadOptions":"","uploadDir":"","reorder":false}],"collapsed":false,"reorder":false,"properties":{},"customConditional":"","logic":[]},{"label":"Submit","state":"","theme":"primary","shortcut":"","disableOnInvalid":true,"mask":false,"tableView":true,"alwaysEnabled":true,"type":"button","key":"submit","input":true,"defaultValue":false,"validate":{"customMessage":"","json":""},"conditional":{"show":"","when":"","json":""},"showValidations":false,"event":"","url":"","custom":"","reorder":false,"properties":{},"customConditional":"","logic":[]}]