<?xml version="1.0" standalone="yes"?>
<DocumentElement>
  <TableName>
    <TicketID>INC8728263</TicketID>
    <Status>2</Status>
    <Ticketstate>Pending</Ticketstate>
    <Username>Vistara eBonding Service</Username>
    <ShortDescription>lev11-ptccpl09-vol009-std-nttptcutl01  Warning - lev11-ptccpl09-vol009-std-nttptcutl01 @ CLDPTCVC01</ShortDescription>
    <Indexingdate>2019-11-25T00:00:00+05:30</Indexingdate>
    <mailsentforfirstday />
    <Mailsentforfirstdaydatetime>2019-11-25T00:00:00+05:30</Mailsentforfirstdaydatetime>
    <responseonfirstday />
    <mailsentforsecondday />
    <Mailsentforseconddaydatetime>2019-11-25T00:00:00+05:30</Mailsentforseconddaydatetime>
    <Responseonsecondday />
    <Mailsentforthirdday />
    <Mailsentforthirddaydatetime>2019-11-25T00:00:00+05:30</Mailsentforthirddaydatetime>
    <Responseonthirdday />
  </TableName>
</DocumentElement>