{"OpenedDocuments":"[\"Framework/GetTransactionData.xaml\",\"Main.xaml\"]","ProjectBreakpoints":"{\"Value\":{\"Main.xaml\":[{\"ConditionalExpression\":null,\"ActionExpression\":null,\"ExpectedHitCounter\":null,\"ShouldContinueAfterAction\":false,\"IsEnabled\":false,\"ActivityId\":\"1.506\",\"ActivityName\":\"Invoke ProcessTransaction workflow\"},{\"ConditionalExpression\":null,\"ActionExpression\":null,\"ExpectedHitCounter\":null,\"ShouldContinueAfterAction\":false,\"IsEnabled\":false,\"ActivityId\":\"1.127\",\"ActivityName\":\"If\"}],\"Exporting_CLB_Data.xaml\":[{\"ConditionalExpression\":null,\"ActionExpression\":null,\"ExpectedHitCounter\":null,\"ShouldContinueAfterAction\":false,\"IsEnabled\":false,\"ActivityId\":\"1.89\",\"ActivityName\":\"Click 'Option For Export'\"}],\"Process.xaml\":[{\"ConditionalExpression\":null,\"ActionExpression\":null,\"ExpectedHitCounter\":null,\"ShouldContinueAfterAction\":false,\"IsEnabled\":false,\"ActivityId\":\"1.47\",\"ActivityName\":\"If\"},{\"ConditionalExpression\":null,\"ActionExpression\":null,\"ExpectedHitCounter\":null,\"ShouldContinueAfterAction\":false,\"IsEnabled\":false,\"ActivityId\":\"1.17\",\"ActivityName\":\"Sequence\"}]}}","ProjectWatches":"{\"Value\":[]}","LibraryProjectSettings":"{\"IncludeSourcesByDefault\":true,\"DefaultActivitiesRootCategories\":[null]}"}