<?xml version="1.0" standalone="yes"?>
<DocumentElement>
  <TableName>
    <TicketID>INC8763086</TicketID>
    <Status>2</Status>
    <Ticketstate>Pending</Ticketstate>
    <Username>Vistara eBonding Service</Username>
    <Email>Empty</Email>
    <ShortDescription> ftc-mvh-oobsw01   Interface GigabitEthernet 1/10 (Alias - Free - was connected to FTC CLDFTCCMPL01-</ShortDescription>
    <Worknotes>

XA
xMatters Service Account
Work notes•
2019-12-01 20:49:25

15h ago


[xMatters] - xM event ID 15985000 has an updated status of terminated</Worknotes>
    <Indexingdate>2019-12-02T00:00:00+05:30</Indexingdate>
    <mailsentforfirstday />
    <Mailsentforfirstdaydatetime>2019-12-02T00:00:00+05:30</Mailsentforfirstdaydatetime>
    <responseonfirstday />
    <mailsentforsecondday />
    <Mailsentforseconddaydatetime>2019-12-02T00:00:00+05:30</Mailsentforseconddaydatetime>
    <Responseonsecondday />
    <Mailsentforthirdday />
    <Mailsentforthirddaydatetime>2019-12-02T00:00:00+05:30</Mailsentforthirddaydatetime>
    <Responseonthirdday />
  </TableName>
</DocumentElement>