[{"label":"Username","labelPosition":"top","placeholder":"Username","description":"Please enter username","prefix":"","suffix":"","widget":{"type":"input"},"inputMask":"","hidden":false,"hideLabel":false,"showWordCount":false,"showCharCount":false,"disabled":false,"alwaysEnabled":false,"tableView":true,"defaultValue":null,"validateOn":"change","validate":{"required":false,"pattern":"","customMessage":"Please enter username of Min-4 and Max-8 letters","minLength":4,"maxLength":8,"custom":"","customPrivate":false,"strictDateValidation":false},"errorLabel":"Error","key":"username","conditional":{"show":null,"when":null,"eq":""},"type":"textfield","input":true,"customClass":"","multiple":false,"protected":false,"unique":false,"persistent":true,"clearOnHide":true,"refreshOn":"","redrawOn":"","tooltip":"","tabindex":"","autofocus":false,"dbIndex":false,"customDefaultValue":"","calculateValue":"","attributes":{},"overlay":{"style":"","left":"","top":"","width":"","height":""},"allowCalculateOverride":false,"encrypted":false,"properties":{},"allowMultipleMasks":false,"mask":false,"inputType":"text","inputFormat":"plain","id":"eh3qm5g"},{"label":"Password","labelPosition":"top","placeholder":"Password","description":"Please enter the password","prefix":"","suffix":"","widget":{"type":"input"},"hidden":false,"hideLabel":false,"showWordCount":false,"showCharCount":false,"disabled":false,"alwaysEnabled":false,"tableView":false,"validateOn":"change","validate":{"required":false,"pattern":"","customMessage":"Please enter correct password","minLength":4,"maxLength":8,"custom":"","customPrivate":false,"strictDateValidation":false},"errorLabel":"Error","key":"password","conditional":{"show":null,"when":null,"eq":""},"type":"password","input":true,"customClass":"","multiple":false,"defaultValue":null,"protected":true,"unique":false,"persistent":true,"clearOnHide":true,"refreshOn":"","redrawOn":"","tooltip":"","tabindex":"","autofocus":false,"dbIndex":false,"customDefaultValue":"","calculateValue":"","attributes":{},"overlay":{"style":"","left":"","top":"","width":"","height":""},"allowCalculateOverride":false,"encrypted":false,"properties":{},"allowMultipleMasks":false,"mask":false,"inputType":"text","inputFormat":"plain","inputMask":"","id":"ev8sfao"},{"label":"Submit","showValidations":false,"theme":"primary","size":"md","block":false,"leftIcon":"","rightIcon":"","disableOnInvalid":false,"hidden":false,"disabled":false,"alwaysEnabled":false,"tableView":false,"key":"submit","conditional":{"show":null,"when":null,"eq":""},"type":"button","input":true,"placeholder":"","prefix":"","customClass":"","suffix":"","multiple":false,"defaultValue":null,"protected":false,"unique":false,"persistent":false,"clearOnHide":true,"refreshOn":"","redrawOn":"","labelPosition":"top","description":"","errorLabel":"","tooltip":"","hideLabel":false,"tabindex":"","autofocus":false,"dbIndex":false,"customDefaultValue":"","calculateValue":"","widget":{"type":"input"},"attributes":{},"validateOn":"change","validate":{"required":false,"custom":"","customPrivate":false,"strictDateValidation":false},"overlay":{"style":"","left":"","top":"","width":"","height":""},"allowCalculateOverride":false,"encrypted":false,"showCharCount":false,"showWordCount":false,"properties":{},"allowMultipleMasks":false,"action":"submit","dataGridLabel":true,"id":"ej5wyvg"}]