
<Insurance>
<InsuranceRow><InsuranceKey></InsuranceKey><InsuranceNumber>A3297086</InsuranceNumber><ClaimID></ClaimID><Description></Description></InsuranceRow>
<InsuranceRow><InsuranceKey></InsuranceKey><InsuranceNumber>R3297087</InsuranceNumber><ClaimID></ClaimID><Description></Description></InsuranceRow>
<InsuranceRow><InsuranceKey></InsuranceKey><InsuranceNumber>G3297088</InsuranceNumber><ClaimID></ClaimID><Description></Description></InsuranceRow>
<InsuranceRow><InsuranceKey></InsuranceKey><InsuranceNumber>F3297089</InsuranceNumber><ClaimID></ClaimID><Description></Description></InsuranceRow>
<InsuranceRow><InsuranceKey></InsuranceKey><InsuranceNumber>A3297087</InsuranceNumber><ClaimID></ClaimID><Description></Description></InsuranceRow>
<InsuranceRow><InsuranceKey></InsuranceKey><InsuranceNumber>R3297088</InsuranceNumber><ClaimID></ClaimID><Description></Description></InsuranceRow>
<InsuranceRow><InsuranceKey></InsuranceKey><InsuranceNumber>G3297089</InsuranceNumber><ClaimID></ClaimID><Description></Description></InsuranceRow>
<InsuranceRow><InsuranceKey></InsuranceKey><InsuranceNumber>F3297090</InsuranceNumber><ClaimID></ClaimID><Description></Description></InsuranceRow>
<InsuranceRow><InsuranceKey></InsuranceKey><InsuranceNumber>A3297088</InsuranceNumber><ClaimID></ClaimID><Description></Description></InsuranceRow>
<InsuranceRow><InsuranceKey></InsuranceKey><InsuranceNumber>R3297089</InsuranceNumber><ClaimID></ClaimID><Description></Description></InsuranceRow>
<InsuranceRow><InsuranceKey></InsuranceKey><InsuranceNumber>G3297090</InsuranceNumber><ClaimID></ClaimID><Description></Description></InsuranceRow>
<InsuranceRow><InsuranceKey></InsuranceKey><InsuranceNumber>F3297091</InsuranceNumber><ClaimID></ClaimID><Description></Description></InsuranceRow>
<InsuranceRow><InsuranceKey></InsuranceKey><InsuranceNumber>A3297089</InsuranceNumber><ClaimID></ClaimID><Description></Description></InsuranceRow>
<InsuranceRow><InsuranceKey></InsuranceKey><InsuranceNumber>R3297090</InsuranceNumber><ClaimID></ClaimID><Description></Description></InsuranceRow>
<InsuranceRow><InsuranceKey></InsuranceKey><InsuranceNumber>G3297091</InsuranceNumber><ClaimID></ClaimID><Description></Description></InsuranceRow>
<InsuranceRow><InsuranceKey></InsuranceKey><InsuranceNumber>F3297092</InsuranceNumber><ClaimID></ClaimID><Description></Description></InsuranceRow>
<InsuranceRow><InsuranceKey></InsuranceKey><InsuranceNumber>A3297090</InsuranceNumber><ClaimID></ClaimID><Description></Description></InsuranceRow>
<InsuranceRow><InsuranceKey></InsuranceKey><InsuranceNumber>R3297091</InsuranceNumber><ClaimID></ClaimID><Description></Description></InsuranceRow>
<InsuranceRow><InsuranceKey></InsuranceKey><InsuranceNumber>G3297092</InsuranceNumber><ClaimID></ClaimID><Description></Description></InsuranceRow>
<InsuranceRow><InsuranceKey></InsuranceKey><InsuranceNumber>F3297093</InsuranceNumber><ClaimID></ClaimID><Description></Description></InsuranceRow>
<InsuranceRow><InsuranceKey></InsuranceKey><InsuranceNumber>A3297091</InsuranceNumber><ClaimID></ClaimID><Description></Description></InsuranceRow>
<InsuranceRow><InsuranceKey></InsuranceKey><InsuranceNumber>R3297092</InsuranceNumber><ClaimID></ClaimID><Description></Description></InsuranceRow>
<InsuranceRow><InsuranceKey></InsuranceKey><InsuranceNumber>G3297093</InsuranceNumber><ClaimID></ClaimID><Description></Description></InsuranceRow>
<InsuranceRow><InsuranceKey></InsuranceKey><InsuranceNumber>F3297094</InsuranceNumber><ClaimID></ClaimID><Description></Description></InsuranceRow>
<InsuranceRow><InsuranceKey></InsuranceKey><InsuranceNumber>A3297092</InsuranceNumber><ClaimID></ClaimID><Description></Description></InsuranceRow>
<InsuranceRow><InsuranceKey></InsuranceKey><InsuranceNumber>R3297093</InsuranceNumber><ClaimID></ClaimID><Description></Description></InsuranceRow>
<InsuranceRow><InsuranceKey></InsuranceKey><InsuranceNumber>G3297094</InsuranceNumber><ClaimID></ClaimID><Description></Description></InsuranceRow>
<InsuranceRow><InsuranceKey></InsuranceKey><InsuranceNumber>F3297095</InsuranceNumber><ClaimID></ClaimID><Description></Description></InsuranceRow>
<InsuranceRow><InsuranceKey></InsuranceKey><InsuranceNumber>A3297093</InsuranceNumber><ClaimID></ClaimID><Description></Description></InsuranceRow>
<InsuranceRow><InsuranceKey></InsuranceKey><InsuranceNumber>R3297094</InsuranceNumber><ClaimID></ClaimID><Description></Description></InsuranceRow>
<InsuranceRow><InsuranceKey></InsuranceKey><InsuranceNumber>G3297095</InsuranceNumber><ClaimID></ClaimID><Description></Description></InsuranceRow>
<InsuranceRow><InsuranceKey></InsuranceKey><InsuranceNumber>F3297096</InsuranceNumber><ClaimID></ClaimID><Description></Description></InsuranceRow>
<InsuranceRow><InsuranceKey></InsuranceKey><InsuranceNumber>A3297094</InsuranceNumber><ClaimID></ClaimID><Description></Description></InsuranceRow>
<InsuranceRow><InsuranceKey></InsuranceKey><InsuranceNumber>R3297095</InsuranceNumber><ClaimID></ClaimID><Description></Description></InsuranceRow>
<InsuranceRow><InsuranceKey></InsuranceKey><InsuranceNumber>G3297096</InsuranceNumber><ClaimID></ClaimID><Description></Description></InsuranceRow>
<InsuranceRow><InsuranceKey></InsuranceKey><InsuranceNumber>F3297097</InsuranceNumber><ClaimID></ClaimID><Description></Description></InsuranceRow>
<InsuranceRow><InsuranceKey></InsuranceKey><InsuranceNumber>A3297095</InsuranceNumber><ClaimID></ClaimID><Description></Description></InsuranceRow>
<InsuranceRow><InsuranceKey></InsuranceKey><InsuranceNumber>R3297096</InsuranceNumber><ClaimID></ClaimID><Description></Description></InsuranceRow>
<InsuranceRow><InsuranceKey></InsuranceKey><InsuranceNumber>G3297097</InsuranceNumber><ClaimID></ClaimID><Description></Description></InsuranceRow>
<InsuranceRow><InsuranceKey></InsuranceKey><InsuranceNumber>F3297098</InsuranceNumber><ClaimID></ClaimID><Description></Description></InsuranceRow>
<InsuranceRow><InsuranceKey></InsuranceKey><InsuranceNumber>A3297096</InsuranceNumber><ClaimID></ClaimID><Description></Description></InsuranceRow>
<InsuranceRow><InsuranceKey></InsuranceKey><InsuranceNumber>R3297097</InsuranceNumber><ClaimID></ClaimID><Description></Description></InsuranceRow>
<InsuranceRow><InsuranceKey></InsuranceKey><InsuranceNumber>G3297098</InsuranceNumber><ClaimID></ClaimID><Description></Description></InsuranceRow>
<InsuranceRow><InsuranceKey></InsuranceKey><InsuranceNumber>F3297099</InsuranceNumber><ClaimID></ClaimID><Description></Description></InsuranceRow>
<InsuranceRow><InsuranceKey></InsuranceKey><InsuranceNumber>A3297097</InsuranceNumber><ClaimID></ClaimID><Description></Description></InsuranceRow>
<InsuranceRow><InsuranceKey></InsuranceKey><InsuranceNumber>R3297098</InsuranceNumber><ClaimID></ClaimID><Description></Description></InsuranceRow>
<InsuranceRow><InsuranceKey></InsuranceKey><InsuranceNumber>G3297099</InsuranceNumber><ClaimID></ClaimID><Description></Description></InsuranceRow>
<InsuranceRow><InsuranceKey></InsuranceKey><InsuranceNumber>F3297100</InsuranceNumber><ClaimID></ClaimID><Description></Description></InsuranceRow>
<InsuranceRow><InsuranceKey></InsuranceKey><InsuranceNumber>A3297098</InsuranceNumber><ClaimID></ClaimID><Description></Description></InsuranceRow>
<InsuranceRow><InsuranceKey></InsuranceKey><InsuranceNumber>R3297099</InsuranceNumber><ClaimID></ClaimID><Description></Description></InsuranceRow>
</Insurance>